,Pregnancies,Glucose,BloodPressure,SkinThickness,Insulin,BMI,DiabetesPedigreeFunction,Age,Outcome
count,768,768,768,768,768,768,768,768,768
mean,3.8450520833333335,120.89453125,69.10546875,20.536458333333332,79.79947916666667,31.992578124999998,0.47187630208333325,33.240885416666664,0.3489583333333333
std,3.3695780626988694,31.97261819513622,19.355807170644777,15.952217567727637,115.24400235133817,7.884160320375446,0.3313285950127749,11.760231540678685,0.47695137724279896
min,0,0,0,0,0,0,0.078,21,0
25%,1,99,62,0,0,27.3,0.24375,24,0
50%,3,117,72,23,30.5,32,0.3725,29,0
75%,6,140.25,80,32,127.25,36.6,0.62625,41,1
max,17,199,122,99,846,67.1,2.42,81,1
